,articulo,precio
0,Consola Xbox One S De 1t + 2 Controles. Garantia De 1 Año,1.599.900
1,Consola Xbox One X De 1tb +juego Pubg. Nueva. Garantia 1 Año,1.899.900
2,Xbox One X 4 K Hdr Nueva Sellada Garantia 1 Año Envio Gratis,1.799.900
3,Xbox One S De 1tb (1000 Gb) Sellada. Garantía De 1año,1.379.900
4,Consola Xbox One X De 1tb +juego + Control . Nueva Sellada,1.969.900
5,Xbox One S 1tb Con 2 Controles,1.599.900
6,Xbox One S 1 Tera 2 Controles Nueva Sellada Garantía 1 Año,1.599.900
7,Consola Xbox One S 1tb + Gta V Fisico. Garantia De 1 Año,1.449.900
8,Consola Xbox One S 1tb,1.419.000
9,Xbox One S 1tb Con 1 Control Original 1 Año De Garantia,1.349.900
10,Xbox One S 1tb 1 Tb + 2 Controles Nueva Sellada,1.615.700
11,Xbox One S 1 Tera 4 K Hdr Nueva Sellada Envio Gratis,1.349.900
12,Consola Xbox One S De 1t + 2 Controles. Nueva Y Sellada,1.649.900
13,Consola Xbox One S 1tb + Gta V Fisico. Nueva Y Sellada,1.649.900
14,Consola Xbox One X Negra 1tb 4k Hdr,1.899.000
15,Consola Xbox One S 1tb + Juego Gears Of War 4 +4k+ Control,1.499.900
16,Consola Xbox One S 1tb Con 2 Controles,1.649.900
17,Consola Xbox One S 1 Tb Con 2 Controles,1.649.900
18,Xbox One S 1 Tera+2 Controles+fifa 20 Fisico Nueva Sellada,1.739.900
19,Consola Xbox One S Blanco 1tb Con 2 Controles + Fifa 20,1.749.000
20,Consola Xbox One S Blanco 1tb Con 2 Controles + Crash Ctr,1.799.000
21,Xbox One S De 1tb (1000 Gb) Nueva. Entrega Inmediata,1.499.900
22,Xbox One S 1tb Envio Gratis Nueva Sellada Garantia 1 Año,1.439.900
23,Consola Xbox One X De 1tb. Blanca Edicion Especial. Sellada,1.999.900
24,Consola Xbox One S De 1tb + Battlefield V + Battlefield 1,1.599.900
25,Xbox One S 1tb Call Of Duty Modern Warfare Ingles,1.649.000
26,Consola Xbox One X + Fifa 2020 Fisico La,1.959.000
27,Forro Personalizado Protector Ps3-xbox Y Ps4,45.000
28,Consola Xbox One S De 1tb Nueva Y Sellada. Garantía De 1año,1.439.900
29,Konami Pes 2020 - Xbox One Juego Fisico Sellado + Obsequio,114.900
30,Consola Xbox One S 1t+2controles+ Pes20 + Gta V Premiun,1.999.800
31,Xbox 360 Slim 4gb 5.0 1 Control Inalam + Cable Hdmi + Envio,619.900
32,Consola Xbox One S 500gb Minecraft,1.399.000
33,Xbox One 2 Controles,1.498.000
34,Consola Xbox One X 1tb Negro 4k,1.899.000
35,Consola Xbox One S 500gb Minecraft,1.399.000
36,Forro Personalizado Protector Xbox,45.000
37,Consola Xbox One S Blanco 1tb Con Juego,1.399.900
38,Xbox One S 1tb 2 Controles Gta V Fisico + Obsequio,1.799.000
39,Consola Xbox One S 500gb Forza 3,1.399.900
40,Consola Xbox One S 1tb Mas Juego Regalo,1.499.900
41,Consola Xbox One S 500gb Forza 3,1.399.900
42,Xbox One S Blanco 1 Tb 2 Controles + Call Of Duty Mw,1.849.900
43,Xbox One S 1tb Crash Ctr,1.580.000
44,Consola Xbox One S + Pes 2020 Digital,1.449.000
45,Xbox One S 1tb 2 Controles Dragon Ball Fighter Z,1.799.000
46,Consola Xbox One S + Halo 5 Digital,1.449.000
47,Consola Xbox One S + Halo 5 Digital,1.499.000
48,Consola Xbox One S + Pes 2020 Digital,1.449.000
49,Consola Xbox One S Blanco 1tb+ Fifa 20 + Gta V + Crash Ctr,1.900.000
